input,Chat GPT response
 My car gets 20 miles per gallon.How many miles can I drive on 5 gallons of gas?,"If your car gets 20 miles per gallon, it means that it can travel 20 miles on one gallon of gas. To calculate how many miles you can drive on 5 gallons of gas, you can multiply the number of gallons by the number of miles per gallon:

5 gallons * 20 miles per gallon = 100 miles

Therefore, you can drive approximately 100 miles on 5 gallons of gas."
 There are 64 pigs in the barn. Some more come to join them. Now there are 86 pigs.How many pigs came to join  them?,"To find out how many pigs came to join the existing 64 pigs in the barn, you can subtract the initial number of pigs from the final number of pigs.

Number of pigs that came to join = Final number of pigs - Initial number of pigs

Number of pigs that came to join = 86 pigs - 64 pigs

Number of pigs that came to join = 22 pigs

Therefore, 22 pigs came to join the initial 64 pigs in the barn."
"There are 7 students in the class and 56 eggs.If the eggs are divided equally among the students, how many does each student get?","To find out how many eggs each student will get when they are divided equally among the 7 students, you can divide the total number of eggs by the number of students:

Number of eggs per student = Total number of eggs / Number of students

Number of eggs per student = 56 eggs / 7 students

Number of eggs per student = 8 eggs

Therefore, each student will get 8 eggs when the 56 eggs are divided equally among the 7 students."
Martha is inviting 4 friends to a party. She has 12 cookies.How many cookies will each friend get?,"To determine how many cookies each friend will get when Martha divides the 12 cookies among her 4 friends, you can divide the total number of cookies by the number of friends:

Number of cookies per friend = Total number of cookies / Number of friends

Number of cookies per friend = 12 cookies / 4 friends

Number of cookies per friend = 3 cookies

Therefore, each friend will receive 3 cookies when Martha divides the 12 cookies equally among her 4 friends."
Kenji and his classmates placed colored blocks on a scale during a science lab. The yellow block weighed 0.6 pounds and the green block weighed 0.4 pounds.How much more did the yellow block weigh than the green block?,"To calculate how much more the yellow block weighed than the green block, you can subtract the weight of the green block from the weight of the yellow block:

Weight difference = Weight of yellow block - Weight of green block

Weight difference = 0.6 pounds - 0.4 pounds

Weight difference = 0.2 pounds

Therefore, the yellow block weighed 0.2 pounds more than the green block."
" Albert‚Äôs cabbage patch has 12 rows of cabbage. In each row, there are 15 heads of cabbage.How many heads of cabbage does Albert have in  all?","To find the total number of heads of cabbage Albert has in his cabbage patch, you can multiply the number of rows by the number of heads of cabbage in each row:

Total number of heads of cabbage = Number of rows * Number of heads of cabbage in each row

Total number of heads of cabbage = 12 rows * 15 heads of cabbage per row

Total number of heads of cabbage = 180 heads of cabbage

Therefore, Albert has 180 heads of cabbage in total in his cabbage patch."
The school is planning a field trip. There are 14 students and 2 seats on each school bus.How many buses are needed to take the trip?,"To determine the number of buses needed for the field trip, you can divide the total number of students by the number of seats on each bus:

Number of buses needed = Total number of students / Number of seats on each bus

Number of buses needed = 14 students / 2 seats per bus

Number of buses needed = 7 buses

Therefore, 7 buses are needed to take the field trip, considering there are 14 students and 2 seats on each bus."
"There is 0.16666666666666666 cup of oil in Scarlett 's measuring cup . If Scarlett adds 0.6666666666666666 cup more , how much oil will be in the measuring cup ?","To determine the total amount of oil in Scarlett's measuring cup after she adds 0.6666666666666666 cup more, you can add the two quantities together:

Total amount of oil = Initial amount of oil + Additional amount of oil

Total amount of oil = 0.16666666666666666 cup + 0.6666666666666666 cup

Total amount of oil = 0.83333333333333326 cup

Therefore, after Scarlett adds 0.6666666666666666 cup more, there will be approximately 0.83333333333333326 cup of oil in the measuring cup."
There are 11 rulers and 34 crayons in the drawer . Tim placed 14 rulers in the drawer .How many rulers are now there in all ?,"To calculate the total number of rulers after Tim placed 14 rulers in the drawer, you can add the initial number of rulers with the number of rulers Tim added:

Total number of rulers = Initial number of rulers + Number of rulers Tim added

Total number of rulers = 11 rulers + 14 rulers

Total number of rulers = 25 rulers

Therefore, there are now 25 rulers in total in the drawer after Tim placed 14 rulers.



"
Dan had 7 potatoes and 4 cantelopes in the garden . The rabbits ate 4 of the potatoes .How many potatoes does Dan now have ?,"To determine the number of potatoes Dan has after the rabbits ate 4 of them, you can subtract the number of potatoes eaten by the rabbits from the initial number of potatoes:

Number of potatoes Dan now has = Initial number of potatoes - Number of potatoes eaten by rabbits

Number of potatoes Dan now has = 7 potatoes - 4 potatoes

Number of potatoes Dan now has = 3 potatoes

Therefore, Dan now has 3 potatoes after the rabbits ate 4 of them."
"The junior ranger asked Christian to help him place 420 seedlings in packets.If every packet needs to contain 7 seeds, how many packets do they need?","To determine the number of packets needed to contain 420 seedlings, considering that each packet should contain 7 seeds, you can divide the total number of seedlings by the number of seeds per packet:

Number of packets needed = Total number of seedlings / Number of seeds per packet

Number of packets needed = 420 seedlings / 7 seeds per packet

Number of packets needed = 60 packets

Therefore, they will need 60 packets to contain 420 seedlings, with each packet containing 7 seeds."
Stephanie went to the store 8 times last month. She buys 2 oranges each time she goes to the store.How many oranges did Stephanie buy last month?,"To find out how many oranges Stephanie bought last month, you can multiply the number of times she went to the store by the number of oranges she buys each time:

Number of oranges bought = Number of times Stephanie went to the store * Number of oranges bought each time

Number of oranges bought = 8 times * 2 oranges each time

Number of oranges bought = 16 oranges

Therefore, Stephanie bought 16 oranges last month, considering that she went to the store 8 times and bought 2 oranges each time."
Sara has saved 11 quarters from washing cars.How many cents does Sara have ?,"A quarter is equal to 25 cents. To find out how many cents Sara has from the 11 quarters she saved, you can multiply the number of quarters by the value of each quarter in cents:

Number of cents Sara has = Number of quarters * Value of each quarter in cents

Number of cents Sara has = 11 quarters * 25 cents per quarter

Number of cents Sara has = 275 cents

Therefore, Sara has 275 cents."
There are 88 candies in a box. Lisa has 18 candies in a bag. Diana takes 6 candies out of the box.How many candies are left in the box?,"To determine the number of candies left in the box after Diana takes 6 candies out, you need to subtract the number of candies taken from the initial number of candies in the box:

Candies left in the box = Initial number of candies in the box - Number of candies taken

Candies left in the box = 88 candies - 6 candies

Candies left in the box = 82 candies

Therefore, there are 82 candies left in the box after Diana takes 6 candies out."
" For the fifth grade play, the chairs have been put into 27 rows with 16 chairs in each row.How many chairs have been put out for the play?","To determine the total number of chairs put out for the play, you can multiply the number of rows by the number of chairs in each row:

Total number of chairs = Number of rows * Number of chairs in each row

Total number of chairs = 27 rows * 16 chairs per row

Total number of chairs = 432 chairs

Therefore, a total of 432 chairs have been put out for the fifth grade play, considering there are 27 rows with 16 chairs in each row.



"
"While making desserts for a bake sale, Victor used 0.625 of a scoop of brown sugar as well as 0.25 of a scoop of white sugar.How much more brown sugar did Victor use?","To find out how much more brown sugar Victor used compared to white sugar, you can subtract the amount of white sugar from the amount of brown sugar:

Amount of more brown sugar used = Amount of brown sugar used - Amount of white sugar used

Amount of more brown sugar used = 0.625 - 0.25

Amount of more brown sugar used = 0.375

Therefore, Victor used 0.375 more units (such as scoops or cups) of brown sugar compared to white sugar.



"
Freeport McMoran projects the world grain supply will be 1800000 metric tons and the supply will be only 0.75 of the world grain demand.What will the world grain demand be?,"To determine the world grain demand, we can divide the projected world grain supply by the supply ratio:

World grain demand = World grain supply / Supply ratio

World grain demand = 1800000 metric tons / 0.75

World grain demand ≈ 2,400,000 metric tons

Therefore, the projected world grain demand will be approximately 2,400,000 metric tons.



"
Eve ran 0.7 of a mile and walked 0.6 of a mile.How much farther did Eve run than walk?,"To calculate how much farther Eve ran than walked, you can subtract the distance she walked from the distance she ran:

Distance farther = Distance ran - Distance walked

Distance farther = 0.7 miles - 0.6 miles

Distance farther = 0.1 miles

Therefore, Eve ran 0.1 miles farther than she walked."
 Mrs. Hilt saw 144 bees in the hive. The next day she saw 3 times that many.How many bees did she see on the second day?,"If Mrs. Hilt saw 144 bees in the hive and then saw 3 times that many on the second day, you can calculate the number of bees she saw on the second day by multiplying the initial number of bees by 3:

Number of bees on the second day = Initial number of bees * 3

Number of bees on the second day = 144 bees * 3

Number of bees on the second day = 432 bees

Therefore, Mrs. Hilt saw 432 bees on the second day."
There are 2 bananas in a pile on the desk. Each banana comes in a package of 17. 7 bananas are added to the pile.How many bananas are there in the pile?,"Initially, there are 2 bananas in the pile. When 7 more bananas are added, the total number of bananas becomes:

Total number of bananas = Initial number of bananas + Number of bananas added
Total number of bananas = 2 bananas + 7 bananas
Total number of bananas = 9 bananas

Therefore, there are 9 bananas in the pile after adding 7 more bananas."
".If Victor split 25 Skittles between 5 people in her class and kept the left overs, how many Skittles did each classmate get?","To determine how many Skittles each classmate received when Victor split 25 Skittles between 5 people, you can divide the total number of Skittles by the number of people:

Number of Skittles per classmate = Total number of Skittles / Number of people

Number of Skittles per classmate = 25 Skittles / 5 people

Number of Skittles per classmate = 5 Skittles

Therefore, each classmate received 5 Skittles when Victor split the 25 Skittles between 5 people."
Lemon heads come in packages of 6. Louis ate 54 Lemon Heads.How many whole boxes did he eat and how many Lemon Heads does he have left?,"To determine the number of whole boxes Louis ate and how many Lemon Heads he has left, we can use division and modulo operations.

Number of whole boxes Louis ate = Number of Lemon Heads eaten / Lemon Heads per box
Number of Lemon Heads Louis has left = Number of Lemon Heads eaten % Lemon Heads per box

Number of whole boxes Louis ate = 54 Lemon Heads / 6 Lemon Heads per box = 9 boxes
Number of Lemon Heads Louis has left = 54 Lemon Heads % 6 Lemon Heads per box = 0 Lemon Heads

Therefore, Louis ate 9 whole boxes of Lemon Heads, and he has no Lemon Heads left."
There were a total of 6 soccer games this year. Jessica missed 4 of the games.How many soccer games did Jessica go to in all ?,"To determine the number of soccer games Jessica went to, you can subtract the number of games she missed from the total number of games:

Number of soccer games Jessica went to = Total number of soccer games - Number of games missed

Number of soccer games Jessica went to = 6 games - 4 games

Number of soccer games Jessica went to = 2 games

Therefore, Jessica went to 2 soccer games in total, considering that there were 6 games in total and she missed 4 of them."
There are 47 orchid bushes currently in the park . Park workers will plant 37 orchid bushes today and 25 orchid bushes tomorrow . It took 35 workers to finish the work .How many orchid bushes will the park have when the workers are finished ?,"To determine the total number of orchid bushes in the park after the workers finish planting, you can add the number of bushes currently in the park to the number of bushes planted today and tomorrow:

Total number of orchid bushes = Number of bushes currently in the park + Number of bushes planted today + Number of bushes planted tomorrow

Total number of orchid bushes = 47 bushes + 37 bushes + 25 bushes

Total number of orchid bushes = 109 bushes

Therefore, the park will have a total of 109 orchid bushes when the workers are finished planting, considering the initial 47 bushes, additional 37 bushes planted today, and 25 bushes planted tomorrow."
"This afternoon Craig left school , rode the bus 3.8333333333333335 miles , and then walked 0.16666666666666666 mile to get home .How much farther did Craig ride than walk ?","To calculate how much farther Craig rode than walked, you can subtract the distance he walked from the distance he rode:

Distance farther = Distance rode - Distance walked

Distance farther = 3.8333333333333335 miles - 0.16666666666666666 mile

Distance farther = 3.666666666666667 miles

Therefore, Craig rode approximately 3.666666666666667 miles farther than he walked."
"A bee colony produced 0.36 pounds of honey, but bears ate 0.05 pounds of it.How much honey remains?","To calculate how much honey remains after the bears ate 0.05 pounds, you can subtract the amount of honey eaten from the initial amount produced:

Honey remaining = Initial amount of honey - Amount of honey eaten

Honey remaining = 0.36 pounds - 0.05 pounds

Honey remaining = 0.31 pounds

Therefore, there are 0.31 pounds of honey remaining after the bears ate 0.05 pounds."
" Bobby ate 26 pieces of candy. Then, he ate 17 more.How many pieces of candy did Bobby eat?","To determine the total number of pieces of candy Bobby ate, you can add the number of pieces he initially ate to the additional pieces he ate:

Total number of pieces of candy Bobby ate = Initial number of pieces of candy + Additional number of pieces of candy

Total number of pieces of candy Bobby ate = 26 pieces + 17 pieces

Total number of pieces of candy Bobby ate = 43 pieces

Therefore, Bobby ate a total of 43 pieces of candy, considering the initial 26 pieces and the additional 17 pieces."
Sandy grew 6 carrots . Sam grew 3 carrots .How many carrots did they grow in total ?,"To find the total number of carrots Sandy and Sam grew, you can add the number of carrots each of them grew:

Total number of carrots = Number of carrots grown by Sandy + Number of carrots grown by Sam

Total number of carrots = 6 carrots + 3 carrots

Total number of carrots = 9 carrots

Therefore, Sandy and Sam grew a total of 9 carrots."
"Jenny sold 24 boxes of Trefoils.How many cases of 8 boxes, plus extra boxes does Jenny need to deliver?","To determine the number of cases of 8 boxes and any extra boxes needed to deliver 24 boxes, you can divide the total number of boxes by the number of boxes per case:

Number of cases needed = Total number of boxes / Number of boxes per case

Number of cases needed = 24 boxes / 8 boxes per case

Number of cases needed = 3 cases

Since Jenny sold 24 boxes of Trefoils, she would need 3 cases of 8 boxes each to deliver all the boxes."
Jose wandered 4 kilometers at 2 kilometers per hour.How long did Jose wander?,"To calculate the time it took for Jose to wander a distance of 4 kilometers at a speed of 2 kilometers per hour, you can divide the distance by the speed:

Time = Distance / Speed

Time = 4 kilometers / 2 kilometers per hour

Time = 2 hours

Therefore, Jose wandered for 2 hours."
"There were a total of 27 soccer games during the 3 month season.If the games are equally divided, how many soccer games are played a month ?","To determine the number of soccer games played per month, you can divide the total number of games by the number of months:

Number of soccer games per month = Total number of soccer games / Number of months

Number of soccer games per month = 27 games / 3 months

Number of soccer games per month = 9 games

Therefore, there are 9 soccer games played per month if the total number of games is 27 and the season lasts for 3 months."
Sam had 98 pennies in his bank. He spent 93 of his pennies.How many pennies does he have now ?,"To find out how many pennies Sam has left after spending 93 pennies, you can subtract the number of pennies spent from the initial number of pennies:

Number of pennies Sam has now = Initial number of pennies - Number of pennies spent

Number of pennies Sam has now = 98 pennies - 93 pennies

Number of pennies Sam has now = 5 pennies

Therefore, Sam has 5 pennies left after spending 93 pennies."
 6 students were sitting at each table in the lunchroom. There are 34 tables.How many students were sitting in the lunchroom?,"To determine the number of students sitting in the lunchroom, you can multiply the number of tables by the number of students at each table:

Number of students in the lunchroom = Number of tables * Number of students at each table

Number of students in the lunchroom = 34 tables * 6 students per table

Number of students in the lunchroom = 204 students

Therefore, there were 204 students sitting in the lunchroom, considering there were 34 tables and 6 students at each table.



"
Nicole found an orange caterpillar and a green caterpillar in her backyard. The green caterpillar was 3 inches long and the orange caterpillar was 1.1666666666666667 inches long.How much longer was the green caterpillar than the orange caterpillar?,"To calculate how much longer the green caterpillar was compared to the orange caterpillar, you can subtract the length of the orange caterpillar from the length of the green caterpillar:

Length difference = Length of green caterpillar - Length of orange caterpillar

Length difference = 3 inches - 1.1666666666666667 inches

Length difference ≈ 1.8333333333333333 inches

Therefore, the green caterpillar was approximately 1.8333333333333333 inches longer than the orange caterpillar."
 It takes 4 feet of cotton to make a tee-shirt.How many tee-shirts can be made with 60 feet of material?,"To determine the number of tee-shirts that can be made with 60 feet of material, you can divide the total length of material by the amount of material needed to make one tee-shirt:

Number of tee-shirts = Total length of material / Amount of material needed per tee-shirt

Number of tee-shirts = 60 feet / 4 feet per tee-shirt

Number of tee-shirts = 15 tee-shirts

Therefore, with 60 feet of material, you can make 15 tee-shirts."
"As part of a lesson on earthquakes, a science class is researching the movement of a nearby fault line. The fault line moved 1.25 inches during the past year and 5.25 inches the year before.How far did the fault line move in all?","To calculate the total distance the fault line moved, you can sum up the distances it moved in each year:

Total distance moved = Distance moved in the past year + Distance moved the year before

Total distance moved = 1.25 inches + 5.25 inches

Total distance moved = 6.5 inches

Therefore, the fault line moved a total distance of 6.5 inches considering it moved 1.25 inches in the past year and 5.25 inches the year before."
"In Haley‚Äôs class, 5 are boys who love to play marbles.If Haley has 35 marbles, how many will each of the boys receive?","To determine how many marbles each of the 5 boys will receive, you can divide the total number of marbles by the number of boys:

Number of marbles per boy = Total number of marbles / Number of boys

Number of marbles per boy = 35 marbles / 5 boys

Number of marbles per boy = 7 marbles

Therefore, each of the 5 boys in Haley's class will receive 7 marbles.



"
"Marilyn has 40 bananas that must be put away in boxes. Daniel comes to help and brings 10 cookies to share with Marilyn.If there are 8 boxes, how many bananas must go in each box?","To determine how many bananas must go in each box, you can divide the total number of bananas by the number of boxes:

Number of bananas per box = Total number of bananas / Number of boxes

Number of bananas per box = 40 bananas / 8 boxes

Number of bananas per box = 5 bananas

Therefore, 5 bananas must go in each of the 8 boxes.



"
"A bathing suit manufacturer has a supply of 14,797 bathing suits for men. In addition, it has 4,969 bathing suits for women.How many bathing suits are available overall?","To determine the total number of bathing suits available overall, you can add the number of bathing suits for men to the number of bathing suits for women:

Total number of bathing suits available = Number of bathing suits for men + Number of bathing suits for women

Total number of bathing suits available = 14,797 bathing suits + 4,969 bathing suits

Total number of bathing suits available = 19,766 bathing suits

Therefore, there are a total of 19,766 bathing suits available overall, considering the 14,797 bathing suits for men and 4,969 bathing suits for women."
Mrs. Hilt saw 144 bees in the hive. The next day she saw 3 times that many.How many bees did she see on the second day?,"Mrs. Hilt saw 144 bees in the hive on the first day, and the next day she saw three times that many. To find out how many bees she saw on the second day, you can multiply the number of bees seen on the first day by 3:

Number of bees on the second day = Number of bees on the first day * 3

Number of bees on the second day = 144 bees * 3

Number of bees on the second day = 432 bees

Therefore, Mrs. Hilt saw 432 bees on the second day."